firstName|lastName
Hakeem|Rosario
Petra|Hood
Jolie|Conway
Barclay|Barrera
Joan|Franklin
Audrey|Figueroa
Gannon|Klein
Lilah|Leblanc
Alec|Hickman
Sylvester|Cochran
Ciaran|Small
Idola|Weaver
Aurora|Simpson
Hedy|Cooke
Kadeem|Santiago
Brynn|Willis
Desirae|Smith
Orlando|Forbes
Perry|Henderson
Selma|Norris
Martena|Collins
Deanna|Espinoza
Faith|Lee
Rashad|Valdez
Quincy|Kane
Mira|Reese
Jenna|Nieves
Trevor|Young
Echo|Hubbard
Austin|Jarvis
Prescott|Higgins
Amelia|Meadows
Barclay|Cohen
Rowan|Russo
Kylynn|Valencia
Rhoda|Mosley
Madeline|Glass
Whitney|Burke
Alea|Mullins
Rose|Snyder
Aimee|Mcleod
Ashely|Benton
Josephine|Nash
Geoffrey|Rivers
Kerry|Shelton
Upton|Brady
Rooney|Johns
Walker|Maddox
Cassandra|Young
Celeste|Christensen
Gil|Norman
Porter|Woodward
Aurelia|Holloway
Tatiana|Flowers
Brennan|Pugh
Sloane|Kramer
Remedios|Landry
Hammett|Bradley
Rylee|Haley
Kelly|Curry
Colton|Burris
Branden|Hoover
Kevin|Morris
Michelle|Wise
Amir|Baldwin
Ora|Holder
Audra|Burgess
Brianna|Huber
Sophia|Cox
Asher|Delgado
Kellie|Russell
Lucius|Cummings
Christine|Zamora
Wynter|Vazquez
Octavia|Flores
Abra|Clark
Montana|Mills
Karleigh|Avila
Lavinia|Webster
Leah|Smith
Jada|Briggs
Hakeem|Harmon
Pamela|Vargas
Nolan|Alvarez
Yuri|Bailey
Kevyn|Soto
Akeem|Hahn
Karina|Hahn
Leo|Blair
Aladdin|Vasquez
Duncan|Cruz
Courtney|Walker
Pearl|West
Laith|Brooks
MacKenzie|Morse
Christian|Mays
Clayton|Dale
Danielle|Wagner
Joshua|Black
Harlan|Sweeney